qid,answer_type,question,gold_answer,generated_answer,cited_pages,answer_hash,human_verdict
financebench_id_00684,numeric,"Does AMCOR have an improving gross margin profile as of FY2023? If gross margin is not a useful metric for a company like this, then state that and explain why.",No. For AMCOR there has been a slight decline in gross margins by 0.8%.,"No, Amcor does not have an improving gross margin profile as of FY2023. Between FY2022 and FY2023, gross profit decreased from $2,820 million to $2,725 million (a decrease of $95 million) while net sales increased from $14,544 million to $14,694 million, resulting in a gross margin contraction from approximately 19.39% in FY2022 to 18.54% in FY2023.",AMCOR_2023_10K p.32; AMCOR_2023_10K p.50,512dfc239979e118ffc2dc954e1ae0df08e8ab10a6ab0adcace5fe6a4f982768,
financebench_id_00799,numeric,"Has AMCOR's quick ratio improved or declined between FY2023 and FY2022? If the quick ratio is not something that a financial analyst would ask about a company like this, then state that and explain why.",The quick ratio has slightly improved from 0.67 times to 0.69 times between FY 2023 and FY 2022.(3.4% jump),"Between FY2022 and FY2023, Amcor's quick ratio improved.

Using the standard definition of the quick ratio ((Cash and cash equivalents + Short-term marketable securities + Current trade receivables) / Current liabilities) based on Amcor's Consolidated Balance Sheets:

- **FY2022 (as of June 30, 2022):**
  - Cash and cash equivalents: $775 million
  - Trade receivables, net: $1,935 million
  - Quick assets = $775 + $1,935 = $2,710 million
  - Total current liabilities: $5,103 million
  - Quick ratio = $2,710 / $5,103 ≈ **0.531**

- **FY2023 (as of June 30, 2023):**
  - Cash and cash equivalents: $689 million
  - Trade receivables, net: $1,875 million
  - Quick assets = $689 + $1,875 = $2,564 million
  - Total current liabilities: $4,476 million
  - Quick ratio = $2,564 / $4,476 ≈ **0.573**

Because the ratio increased from approximately 0.531 to 0.573, Amcor's quick ratio improved.",AMCOR_2023_10K p.52,2550bde7aee8914d4ff8d62965dd0255fb67c62aec684193debcb2866891fb18,
financebench_id_01079,prose,"What are major acquisitions that AMCOR has done in FY2023, FY2022 and FY2021?","Amcor completed these acquisitions during FY2023:
-100% equity interest of a flexibles manufacturing company in the Czech Republic
- 100% equity interest in a medical device packaging manufacturing site in
Shanghai, China.
-acquisition of a New Zealand-based leading manufacturer of state-of-the-art, automated protein
packaging machines.","During the periods reported in the filings:

- **FY2023:** Amcor completed three acquisitions (all part of its Flexibles reportable segment):
  1. **August 1, 2022:** 100% equity interest in a Czech Republic company operating a flexible packaging manufacturing plant for a purchase consideration of $59 million (including $5 million deferred).
  2. **March 17, 2023:** 100% equity interest in a medical device packaging manufacturing site in Shanghai, China, for a purchase consideration of $60 million (including $20 million contingent consideration).
  3. **May 31, 2023:** A New Zealand-based manufacturer of automated protein packaging machines for a purchase consideration of $45 million (including $13 million contingent consideration).

- **FY2022 and FY2021:** According to Amcor's Consolidated Statements of Cash Flows, cash spent on business acquisitions was $0 in both FY2022 and FY2021, and no major acquisitions were reported for those fiscal years.",AMCOR_2023_10K p.64; AMCOR_2023_10K p.53,d93919e162232e2b20b3529edfc8158d674da72223a4acda2d2e0539f000585e,
financebench_id_01148,prose,What industry does AMCOR primarily operate in?,Amcor is a global leader in packaging production for various use cases.,"Amcor primarily operates in the packaging industry, focusing on developing and producing packaging products—including flexible packaging, rigid packaging containers, specialty cartons, and closures—for food, beverage, pharmaceutical, medical, home and personal-care, and other consumer goods end markets.",AMCOR_2023_10K p.55; AMCOR_2023_10K p.5; AMCOR_2023_10K p.14,08b73144931585792bb5da15eff64a82eb14110e5284b0106a998db15a2e64c3,
financebench_id_00222,numeric,"Does AMD have a reasonably healthy liquidity profile based on its quick ratio for FY22? If the quick ratio is not relevant to measure liquidity, please state that and explain why.","Yes. The quick ratio is 1.57, calculated as (cash and cash equivalents+Short term investments+Accounts receivable, net+receivables from related parties)/ (current liabilities).","Yes, AMD had a reasonably healthy liquidity profile based on its quick ratio for FY22 (as of December 31, 2022). 

Quick assets consist of:
- Cash and cash equivalents: $4,835 million
- Short-term investments: $1,020 million
- Accounts receivable, net: $4,126 million
Total quick assets = $9,981 million (or $9,983 million if including receivables from related parties of $2 million).

Total current liabilities were $6,369 million.

This results in a quick ratio of approximately 1.57, comfortably above the standard 1.0 benchmark, indicating AMD had sufficient liquid assets to cover its short-term obligations without relying on inventory sales.",AMD_2022_10K p.56,5b2bba594327ca7d321da221bf2542a1314819261d2354da9cd0c280cb36e5f1,
financebench_id_00563,numeric,"From FY21 to FY22, excluding Embedded, in which AMD reporting segment did sales proportionally increase the most?",Data Center,"Excluding the Embedded segment, the Data Center segment experienced the highest proportional increase in sales from FY21 to FY22. Its net revenue increased by approximately 64% (from $3,694 million in 2021 to $6,043 million in 2022), compared to Gaming, which grew by 21%, and Client, which decreased by 10%.",AMD_2022_10K p.48; AMD_2022_10K p.49; AMD_2022_10K p.43,2dc1ea60fa5e6b9e9ff06516da7e093308e02eddead67564c412c9711fa519fe,
financebench_id_00757,numeric,Did AMD report customer concentration in FY22?,"Yes, one customer accounted for 16% of consolidated net revenue","Yes, AMD reported customer concentration in FY22. Specifically, one customer (identified as Customer A) accounted for 16% of AMD's consolidated net revenue for the year ended December 31, 2022, with sales consisting of products from the Gaming segment. AMD noted that the loss of this customer would have a material adverse effect on its business.",AMD_2022_10K p.12; AMD_2022_10K p.69,21e88bf30bd1adc6d15a7feed170073b53dd090a8b6cb68a172cba5485a007ac,
financebench_id_00917,prose,"What drove operating margin change as of the FY22 for AMD? If operating margin is not a useful metric for a company like this, then please state that and explain why.",The decrease in AMD's operating income was primarily driven by amortization of intangible assets associated with the Xilinx acquisition,"The provided AMD filings do not contain a specific discussion or explanation of the drivers for operating margin change for FY22, nor do they state that operating margin is not a useful metric.",,1c0218f899fd11d506773ca9976257e4fb855c15c16a4acb47cc7cd3c18f6b58,refused
financebench_id_00995,prose,What are the major products and services that AMD sells as of FY22?,"AMD sells server microprocessors (CPUs) and graphics processing units (GPUs), data processing units (DPUs), Field Programmable Gate Arrays (FPGAs), and Adaptive System-on-Chip (SoC) products for data centers; CPUs, accelerated processing units (APUs) that integrate CPUs and GPUs, and chipsets for desktop and notebook personal computers; discrete GPUs, and semi-custom SoC products and development services; and embedded CPUs, GPUs, APUs, FPGAs, and Adaptive SoC products.","As of FY22, AMD primarily offers:
- Server microprocessors (CPUs), graphics processing units (GPUs), data processing units (DPUs), Field Programmable Gate Arrays (FPGAs), and Adaptive System-on-Chip (SoC) products for data centers.
- CPUs, accelerated processing units (APUs) integrating CPUs and GPUs, and chipsets for desktop and notebook personal computers.
- Discrete GPUs, semi-custom SoC products, and development services.
- Embedded CPUs, GPUs, APUs, FPGAs, and Adaptive SoC products.

Additionally, AMD sells microprocessor and SoC development services, Adaptive Compute Acceleration Platform (ACAP) products, and periodically sells or licenses portions of its intellectual property (IP) portfolio.",AMD_2022_10K p.4; AMD_2022_10K p.60; AMD_2022_10K p.43,4b9ea2f00b108c67f76bfb9848fcc82ee15eb730b7cf6f7450b05ebd399437e2,
financebench_id_01198,prose,What drove revenue change as of the FY22 for AMD?,"In 2022, AMD reported Higher sales of their EPYC server processors, higher semi-custom product sales, and the inclusion of Xilinx embedded product sales","For fiscal year 2022, AMD's net revenue increased by 44% to $23.6 billion from $16.4 billion in 2021. This increase was driven by:

• Data Center Segment: Revenue grew 64% (to $6.043 billion from $3.694 billion), primarily driven by higher sales of EPYC server processors.
• Gaming Segment: Revenue grew 21% (to $6.805 billion from $5.607 billion), driven by higher semi-custom product sales due to strong demand for gaming console SoCs, though partially offset by lower gaming graphics sales due to lower unit shipments resulting from soft consumer demand in the second half of 2022.
• Embedded Segment: Revenue increased significantly to $4.552 billion (up from $246 million), primarily driven by the inclusion of Xilinx embedded product revenue following its acquisition in February 2022.

These revenue increases were partially offset by:
• Client Segment: Revenue declined 10% (to $6.201 billion from $6.887 billion), primarily due to a 24% decrease in unit shipments caused by challenging PC market conditions and significant inventory correction actions across the PC supply chain in the second half of 2022, partially offset by a 19% increase in average selling price from a richer mix of Ryzen mobile processor sales.",AMD_2022_10K p.48; AMD_2022_10K p.48; AMD_2022_10K p.49; AMD_2022_10K p.43,c633def5fca2053b6f3492990dfb5a983693c26c48fbf20be6637c884f5418cb,
financebench_id_01279,numeric,"Among operations, investing, and financing activities, which brought in the most (or lost the least) cash flow for AMD in FY22?","In 2022, AMD brought in the most cashflow from Operations","For fiscal year 2022, operating activities brought in the most cash flow for AMD, generating $3,565 million (compared to $1,999 million provided by investing activities and $3,264 million used in financing activities).",AMD_2022_10K p.58; AMD_2022_10K p.51; AMD_2022_10K p.58,83e6d15c260d7dd30c2ec5b563202f5f401b98be47e820f34e838d2f053ff3cb,
financebench_id_00476,prose,Which debt securities are registered to trade on a national securities exchange under American Express' name as of 2022?,There are none,"As of December 31, 2022, American Express Company did not have any debt securities registered pursuant to Section 12(b) of the Securities Exchange Act of 1934 to trade on a national securities exchange. Its only security registered under Section 12(b) was Common Shares (par value $0.20 per share), trading on the New York Stock Exchange.",AMERICANEXPRESS_2022_10K p.1,f14a16e3271eb90c02a422285c12919fedb0b2b62e71ad313a227eb334291d29,
financebench_id_00720,prose,"What drove gross margin change as of the FY2022 for American Express? If gross margin is not a useful metric for a company like this, then please state that and explain why.",Performance is not measured through gross margin,"Gross margin is not reported or utilized as a metric for American Express Company. As a financial services and bank holding company, American Express does not report Cost of Goods Sold (COGS) or Gross Margin in its consolidated statements of operations. Instead, it measures performance using financial services metrics such as total revenues net of interest expense, discount revenue, net card fees, net interest yield, provisions for credit losses, and operating expenses.",AMERICANEXPRESS_2022_10K p.44; AMERICANEXPRESS_2022_10K p.47; AMERICANEXPRESS_2022_10K p.64,868a6d36e8c865ac1a20499d7b980120b011d611216a2a7e370aaa64081bb64f,
financebench_id_00723,numeric,"Does AMEX have an improving operating margin profile as of 2022? If operating margin is not a useful metric for a company like this, then state that and explain why.",Performance is not measured through operating margin,"Operating margin is not discussed or reported as a standard financial performance metric for American Express in the provided 2022 Form 10-K. As a bank holding company and financial services firm, its operations, revenue structure, and costs are presented around total revenues net of interest expense (such as discount revenue, net card fees, service fees, and net interest income), provisions for credit losses, non-interest expenses (such as Card Member rewards, business development, services, and operating expenses), and regulatory capital metrics (such as CET1 and Tier 1 leverage ratios). Regarding overall profitability, American Express's net income declined in 2022 to $7.5 billion (from $8.1 billion in 2021), driven primarily by credit reserve builds and net losses in its Amex Ventures portfolio compared to prior-year reserve releases and investment gains.",AMERICANEXPRESS_2022_10K p.45; AMERICANEXPRESS_2022_10K p.46; AMERICANEXPRESS_2022_10K p.47; AMERICANEXPRESS_2022_10K p.150,6cfa30f08b2ee6a0e394033c7acd146008acf779803cb5f1f6678bceb808e722,
financebench_id_01028,prose,What are the geographies that American Express primarily operates in as of 2022?,"United States, EMEA, APAC, and LACC","American Express reports its geographic operations across four primary regions: the United States, EMEA (Europe, the Middle East and Africa), APAC (Asia Pacific, Australia and New Zealand), and LACC (Latin America, Canada and the Caribbean). Additionally, outside of the United States, jurisdictions that represent a significant portion of its billed business include the United Kingdom (UK), the European Union (EU), Australia, Japan, Canada, and Mexico.",AMERICANEXPRESS_2022_10K p.5; AMERICANEXPRESS_2022_10K p.155,e8a88a666d4a7fd85fde5728ded6677c4735436c36fecdbae7a66ca4cc3d6fd5,
financebench_id_01351,numeric,How much has the effective tax rate of American Express changed between FY2021 and FY2022?,The effective tax rate for American Express has changed/dropped from 24.6% in FY 2021 to 21.6% in FY 2022.,"American Express's effective tax rate decreased by 3.0 percentage points (or 300 basis points), from 24.6 percent in FY2021 to 21.6 percent in FY2022.",AMERICANEXPRESS_2022_10K p.49; AMERICANEXPRESS_2022_10K p.44,04a12850a0b5fbf88e3af265b5412cae6862f03516d3ad30085fc09573a0c170,
financebench_id_01964,numeric,What was the largest liability in American Express's Balance Sheet in 2022?,Customer deposits,"As of December 31, 2022, the largest liability on American Express's Consolidated Balance Sheet was Customer deposits at $110,239 million (or approximately $110.2 billion).",AMERICANEXPRESS_2022_10K p.98; AMERICANEXPRESS_2022_10K p.67,bf4d2c741a3eb7f3ba34ed3cc631d7ff5c48396a1b7aa54179b992a35831fd2b,
financebench_id_01981,prose,Was American Express able to retain card members during 2022?,Yes,The provided filings do not contain specific data or an explicit statement indicating whether American Express was able to retain Card Members during 2022.,,3920491880e079ce58ee94b2d27e0ea17db0810d705fa444210a7d493a62e2c7,refused
financebench_id_00464,prose,Is Boeing's business subject to cyclicality?,"Yes, Boeing's business is subject to cyclicality due to its exposure to the airline industry which is a cyclical industry.","Yes. Boeing's business depends heavily on commercial airlines, and the airline industry has historically been cyclical, characterized by significant profit swings and constant challenges to remain cost competitive.",BOEING_2022_10K p.8,b8f7030ca63abee68b4c0d0b96aa84e01a7d7b8a4a2e109a39d5a27a23e5b853,
financebench_id_00494,numeric,What production rate changes is Boeing forecasting for FY2023?,"Boeing forecasts an increase in the production rates for the 737, 777X and 787 aircrafts in 2023.","For 2023, Boeing forecasts the following production rate changes:
- **787 Program:** Currently producing at low rates, with expectations to gradually increase/return to 5 aircraft per month in 2023.
- **777X Program:** Production, which was paused (including pausing production of the 777X-9 during 2022 and 2023), is expected to resume in 2023.
- **737 Program:** After stabilizing at 31 aircraft per month, Boeing plans to gradually increase 737 production rates based on market demand and supply chain capacity.",BOEING_2022_10K p.9; BOEING_2022_10K p.9; BOEING_2022_10K p.33; BOEING_2022_10K p.35; BOEING_2022_10K p.81,1a5c8b28eee1bb8a11275d5207cfa7bbc9dd735423c9137595a9bc180daa45f5,
financebench_id_00517,numeric,Are there any product categories / service categories that represent more than 20% of Boeing's revenue for FY2022?,"Yes. Boeing has product and service categories that represent more than 20% of Boeing's revenue for FY2022. These categories are Commercial Airplanes which comprises 39% of total revenue, Defence which comprises 35% of total revenue and Services which comprises 26% of total revenue.","Yes. Based on Boeing's FY2022 total revenues of $66,608 million:

1. **By Product vs. Service Categories (Consolidated Statements of Operations):**
   - **Sales of products** generated $55,893 million, representing approximately 83.9% of total revenue (which is greater than 20%).

2. **By Business / Reportable Segment:**
   - **Commercial Airplanes (BCA):** $25,867 million, representing approximately 38.8% (reported as 39%) of total revenue.
   - **Defense, Space & Security (BDS):** $23,162 million, representing approximately 34.8% (reported as 35%) of total revenue.
   - **Global Services (BGS):** $17,611 million, representing approximately 26.4% (reported as 26%) of total revenue.",BOEING_2022_10K p.62; BOEING_2022_10K p.55; BOEING_2022_10K p.31; BOEING_2022_10K p.37; BOEING_2022_10K p.40,1076f1571b6315ae0d576e4b6d054edf1ffc8db473cf7dedfee40c6aabaaa4f1,
financebench_id_00585,numeric,How does Boeing's effective tax rate in FY2022 compare to FY2021?,"Effective tax rate in FY2022 was 0.62%, compared to  -14.76% in FY2021.","Boeing's effective income tax rate was (0.6)% in FY2022 compared to 14.8% (or 14.7% per the tax rate reconciliation) in FY2021, reflecting a decrease of 15.4 percentage points (or 15.3 percentage points per the reconciliation).",BOEING_2022_10K p.24; BOEING_2022_10K p.77,19c0e767bc15041e574a72a2bb1a7997f5b63284fbaee917ee789e6d04618ab3,
financebench_id_00678,numeric,"Does Boeing have an improving gross margin profile as of FY2022? If gross margin is not a useful metric for a company like this, then state that and explain why.","Yes. Boeing has an improving gross margin profile as of FY2022. Gross profit improved from $3,017 million in FY2021 to $3,502 million in FY2022. Gross margin % improved from 4.8% in FY2021 to 5.3% in FY2022.","Yes, on a consolidated level, Boeing's gross margin profile showed improvement from 2020 through FY2022. From the Consolidated Statements of Operations, gross profit (Total revenues minus Total costs and expenses) was -$5,685 million in 2020, improving to $3,017 million in 2021, and further improving to $3,502 million in 2022. Expressed as a percentage of total revenues ($58,158 million in 2020, $62,286 million in 2021, and $66,608 million in 2022), the gross margin was -9.78% in 2020, improving to 4.84% in 2021, and 5.26% in 2022.

However, Boeing notes that its primary profitability measurements for evaluating segment operating results are earnings/(loss) from operations and operating margins, rather than gross margin. Furthermore, Boeing's business relies heavily on long-term contract accounting and program accounting across long cycles, where quarterly or annual gross margins are subject to reach-forward losses, cumulative contract catch-up adjustments, abnormal production costs, and changes in accounting quantities and cost/revenue estimates.",BOEING_2022_10K p.55; BOEING_2022_10K p.113; BOEING_2022_10K p.51; BOEING_2022_10K p.50,03f69d1b3de86b2fc009c3946c137920dced0a045cf10be4d6dcb9cd20f46b3c,
financebench_id_01091,prose,Has Boeing reported any materially important ongoing legal battles from FY2022?,Yes. Multiple lawsuits have been filed against Boeing resulting from a 2018 Lion Air crash and a 2019 Ethiopian Airlines crash.,"In its FY2022 Form 10-K, Boeing stated that, based upon current information and except as specifically disclosed, it believes the outcome of any pending legal proceedings, claims, or government disputes/investigations will not have a material effect on its financial position, results of operations, or cash flows.

However, Boeing disclosed several significant matters:
- **737 MAX Accident Lawsuits and Inquiries:** Multiple legal actions remain pending stemming from the Lion Air Flight 610 and Ethiopian Airlines Flight 302 accidents. While Boeing settled an SEC investigation in September 2022 for a $200 million civil penalty (paid in October 2022), resolved a DOJ investigation in 2021 via a Deferred Prosecution Agreement, and received $219 million in 2022 from a derivative lawsuit settlement, it noted that it ""cannot reasonably estimate a range of loss, if any, not covered by available insurance that we may incur as a result of any remaining pending lawsuits or other matters related to the accidents and the 737 MAX.""
- **Embraer Dispute:** Following Boeing's 2020 termination of joint venture agreements with Embraer S.A. (under which Boeing had been expected to acquire an 80% stake for $4.2 billion), Embraer has disputed Boeing's right to terminate, and the dispute is ongoing in arbitration.
- **General Litigation Risk:** Boeing noted that the outcome of litigation and government inquiries is unpredictable, and an adverse decision in such matters could have a material impact on its financial position and results of operations.",BOEING_2022_10K p.113; BOEING_2022_10K p.16,cdc86d41bc11d3084c6411d78164b85736e5d6c243e8cd654a350ad2e131a140,
financebench_id_01290,prose,Who are the primary customers of Boeing as of FY2022?,Boeing's primary customers as of FY2022 are a limited number of commercial airlines and the US government. The US government accounted for 40% of Boeing's total revenues in FY2022.,"Boeing's primary customer groups vary across its business segments:
- Commercial Airplanes (BCA): Primarily serves the worldwide commercial airline industry, including both U.S. and non-U.S. airlines (with non-U.S. airlines accounting for approximately 70% of BCA backlog in dollar terms).
- Defense, Space & Security (BDS): The primary customer is the U.S. government (accounting for 89% of BDS revenue from contracts with customers in 2022, including foreign military sales), along with non-U.S. government and defense customers.
- Global Services (BGS): Serves commercial airlines and government customers worldwide, with the U.S. government as a major customer.
- Boeing Capital (BCC): Provides and arranges customer financing solutions for Boeing commercial and defense customers.",BOEING_2022_10K p.3; BOEING_2022_10K p.30; BOEING_2022_10K p.115; BOEING_2022_10K p.40; BOEING_2022_10K p.3,457d2fe7d461b0c6ca6c7dec43bdea4ff09bd1d0249813574dd73b856470a5e5,
financebench_id_00735,prose,Has Pepsico reported any materially important ongoing legal battles from FY2022 and FY2021?,"No, Pepsico is not involved in material legal battles.",The provided filings do not contain information regarding whether PepsiCo reported any materially important ongoing legal battles from FY2022 and FY2021 (the context only lists Item 3. Legal Proceedings in the table of contents without the corresponding disclosures).,,b1d804e1a3afdf0e8c5ab7e7d7a291ec2b1f205aa47382569fe14bdc0efbf46f,refused
financebench_id_01009,prose,What are the geographies that Pepsico primarily operates in as of FY2022?,"As of FY2022, Pepsico primarily operates in the following geographies: North America, Latin America, Europe, Africa, Middle East, South Asia, Asia Pacific, Australia, New Zealand and China.","PepsiCo serves customers and consumers in more than 200 countries and territories. Its operations are organized into reportable segments covering key geographic regions, primarily the United States and Canada (under Frito-Lay North America, Quaker Foods North America, and PepsiCo Beverages North America), Latin America, Europe, as well as Africa, Middle East, and South Asia.",PEPSICO_2022_10K p.4; PEPSICO_2022_10K p.32; PEPSICO_2022_10K p.27,38d967e27b869fbe112f071dcbae61ab7eb4c7424c3633368c4c401c5631d79f,
financebench_id_01328,numeric,What is the quantity of restructuring costs directly outlined in Pepsico's income statements for FY2022? If restructuring costs are not explicitly outlined then state 0.,Pepsico's restructuring costs in FY2022 amounted to $411 million .,"Restructuring costs are not explicitly outlined as a separate line item on PepsiCo's Consolidated Statement of Income for FY2022; therefore, the quantity is 0.",PEPSICO_2022_10K p.62,969ff7849830f10eafd922f58202365f9b7779a303bed4042980ed81128c2911,
financebench_id_03620,numeric,What is the FY2022 unadjusted EBITDA less capex for PepsiCo? Define unadjusted EBITDA as unadjusted operating income + depreciation and amortization [from cash flow statement]. Answer in USD millions. Respond to the question by assuming the perspective of an investment analyst who can only use the details shown within the statement of cash flows and the income statement.,$9068.00,"To calculate FY2022 unadjusted EBITDA less capital expenditures (capex) for PepsiCo using the Consolidated Statement of Income and Consolidated Statement of Cash Flows:

- Operating Profit (Operating Income): $11,512 million
- Depreciation and amortization: $2,763 million
- Unadjusted EBITDA = $11,512 million + $2,763 million = $14,275 million
- Capital spending (capex): $5,207 million

Unadjusted EBITDA less capex = $14,275 million - $5,207 million = $9,068 million.",PEPSICO_2022_10K p.64; PEPSICO_2022_10K p.62,0a5276cf588a892df1f4438926eda2fbdf231323e8a768bf3af63b4307e12fd8,
financebench_id_04481,numeric,What is the FY2022 unadjusted EBITDA % margin for PepsiCo? Calculate unadjusted EBITDA using unadjusted operating income and D&A (from cash flow statement). Give a response to the question by relying on the details shown in the statement of cash flows and the P&L statement.,16.5%,"To calculate the FY2022 unadjusted EBITDA % margin for PepsiCo:

1. **Net Revenue**: $86,392 million (from the Consolidated Statement of Income).
2. **Unadjusted Operating Profit**: $11,512 million (from the Consolidated Statement of Income).
3. **Depreciation and Amortization (D&A)**: $2,763 million (from the Consolidated Statement of Cash Flows).

**Unadjusted EBITDA** = Operating Profit + D&A  
= $11,512 million + $2,763 million = $14,275 million.

**Unadjusted EBITDA % Margin** = ($14,275 million / $86,392 million) × 100 ≈ 16.52% (or 16.5%).",PEPSICO_2022_10K p.64; PEPSICO_2022_10K p.62,27d78d6701f5e1db6868788989924253ad5d50fcde02d231a3241ead51088890,
